path,participant_id,sequence_id,sign
train_landmark_files/30680/1005102931.parquet,30680,1005102931,thankyou
train_landmark_files/27610/1016834986.parquet,27610,1016834986,thankyou
train_landmark_files/62590/1031693648.parquet,62590,1031693648,hello
train_landmark_files/37779/1033181756.parquet,37779,1033181756,hello
train_landmark_files/25571/1040080251.parquet,25571,1040080251,hello
train_landmark_files/37055/1049534022.parquet,37055,1049534022,thankyou
train_landmark_files/25571/1050684799.parquet,25571,1050684799,hello
train_landmark_files/29302/1060843584.parquet,29302,1060843584,hello
train_landmark_files/30680/106279834.parquet,30680,106279834,hello
train_landmark_files/32319/106714329.parquet,32319,106714329,hello
train_landmark_files/37779/1067631606.parquet,37779,1067631606,thankyou
train_landmark_files/37779/107094913.parquet,37779,107094913,thankyou
train_landmark_files/26734/1072076887.parquet,26734,1072076887,hello
train_landmark_files/29302/1077574866.parquet,29302,1077574866,hello
train_landmark_files/25571/1086498111.parquet,25571,1086498111,thankyou
train_landmark_files/26734/109190877.parquet,26734,109190877,thankyou
train_landmark_files/29302/1098760881.parquet,29302,1098760881,thankyou
train_landmark_files/62590/1102733603.parquet,62590,1102733603,hello
train_landmark_files/36257/111269148.parquet,36257,111269148,hello
train_landmark_files/16069/1125567991.parquet,16069,1125567991,thankyou
train_landmark_files/37779/113279499.parquet,37779,113279499,hello
train_landmark_files/29302/1143676151.parquet,29302,1143676151,hello
train_landmark_files/18796/1148095665.parquet,18796,1148095665,thankyou
train_landmark_files/2044/1148566480.parquet,2044,1148566480,hello
train_landmark_files/26734/116389034.parquet,26734,116389034,thankyou
train_landmark_files/25571/1168446963.parquet,25571,1168446963,thankyou
train_landmark_files/36257/1171299665.parquet,36257,1171299665,hello
train_landmark_files/22343/1176840747.parquet,22343,1176840747,thankyou
train_landmark_files/55372/1178830613.parquet,55372,1178830613,thankyou
train_landmark_files/53618/1179185577.parquet,53618,1179185577,hello
train_landmark_files/25571/1197563690.parquet,25571,1197563690,hello
train_landmark_files/37055/1197911010.parquet,37055,1197911010,hello
train_landmark_files/36257/1211399781.parquet,36257,1211399781,thankyou
train_landmark_files/16069/1216540971.parquet,16069,1216540971,hello
train_landmark_files/32319/1218359982.parquet,32319,1218359982,hello
train_landmark_files/18796/1235195543.parquet,18796,1235195543,thankyou
train_landmark_files/32319/1235523249.parquet,32319,1235523249,hello
train_landmark_files/36257/1242216172.parquet,36257,1242216172,thankyou
train_landmark_files/37055/1245527814.parquet,37055,1245527814,thankyou
train_landmark_files/22343/1246047068.parquet,22343,1246047068,hello
train_landmark_files/62590/1246186422.parquet,62590,1246186422,thankyou
train_landmark_files/53618/1250892121.parquet,53618,1250892121,hello
train_landmark_files/27610/1257541551.parquet,27610,1257541551,thankyou
train_landmark_files/22343/1261060748.parquet,22343,1261060748,thankyou
train_landmark_files/49445/1265652469.parquet,49445,1265652469,hello
train_landmark_files/49445/1279628654.parquet,49445,1279628654,thankyou
train_landmark_files/55372/1289700888.parquet,55372,1289700888,hello
train_landmark_files/53618/1291260882.parquet,53618,1291260882,hello
train_landmark_files/49445/12916296.parquet,49445,12916296,hello
train_landmark_files/18796/1294871892.parquet,18796,1294871892,hello
train_landmark_files/16069/1296861466.parquet,16069,1296861466,thankyou
train_landmark_files/62590/1297132691.parquet,62590,1297132691,thankyou
train_landmark_files/37779/1298797455.parquet,37779,1298797455,thankyou
train_landmark_files/55372/1305211550.parquet,55372,1305211550,hello
train_landmark_files/53618/1308603423.parquet,53618,1308603423,hello
train_landmark_files/37779/1322838544.parquet,37779,1322838544,hello
train_landmark_files/4718/1330949181.parquet,4718,1330949181,hello
train_landmark_files/36257/133129570.parquet,36257,133129570,thankyou
train_landmark_files/30680/1335315034.parquet,30680,1335315034,thankyou
train_landmark_files/4718/1339088376.parquet,4718,1339088376,thankyou
train_landmark_files/18796/133931535.parquet,18796,133931535,hello
train_landmark_files/22343/1340265045.parquet,22343,1340265045,hello
train_landmark_files/49445/1340773756.parquet,49445,1340773756,hello
train_landmark_files/2044/1342281740.parquet,2044,1342281740,thankyou
train_landmark_files/26734/134538440.parquet,26734,134538440,thankyou
train_landmark_files/36257/1347095359.parquet,36257,1347095359,thankyou
train_landmark_files/37779/1348881118.parquet,37779,1348881118,thankyou
train_landmark_files/25571/135358695.parquet,25571,135358695,thankyou
train_landmark_files/27610/1356957694.parquet,27610,1356957694,hello
train_landmark_files/16069/1358040336.parquet,16069,1358040336,hello
train_landmark_files/30680/1362640381.parquet,30680,1362640381,thankyou
train_landmark_files/2044/1363780437.parquet,2044,1363780437,hello
train_landmark_files/29302/1363932407.parquet,29302,1363932407,hello
train_landmark_files/53618/1366344116.parquet,53618,1366344116,thankyou
train_landmark_files/53618/1371564017.parquet,53618,1371564017,hello
train_landmark_files/37779/1373202235.parquet,37779,1373202235,thankyou
train_landmark_files/27610/1375215806.parquet,27610,1375215806,hello
train_landmark_files/22343/1376389559.parquet,22343,1376389559,hello
train_landmark_files/34503/1380751820.parquet,34503,1380751820,thankyou
train_landmark_files/34503/1383069786.parquet,34503,1383069786,hello
train_landmark_files/55372/1383360944.parquet,55372,1383360944,thankyou
train_landmark_files/37779/1391889598.parquet,37779,1391889598,thankyou
train_landmark_files/55372/1395270268.parquet,55372,1395270268,thankyou
train_landmark_files/32319/1402543336.parquet,32319,1402543336,hello
train_landmark_files/37055/1420493953.parquet,37055,1420493953,hello
train_landmark_files/18796/1420920309.parquet,18796,1420920309,hello
train_landmark_files/37055/142292689.parquet,37055,142292689,hello
train_landmark_files/16069/1430039129.parquet,16069,1430039129,thankyou
train_landmark_files/2044/1431154586.parquet,2044,1431154586,thankyou
train_landmark_files/30680/1437331539.parquet,30680,1437331539,thankyou
train_landmark_files/28656/144612782.parquet,28656,144612782,hello
train_landmark_files/36257/1446914617.parquet,36257,1446914617,thankyou
train_landmark_files/62590/1453829875.parquet,62590,1453829875,hello
train_landmark_files/49445/145602269.parquet,49445,145602269,thankyou
train_landmark_files/61333/1457832218.parquet,61333,1457832218,thankyou
train_landmark_files/55372/1458242525.parquet,55372,1458242525,hello
train_landmark_files/16069/1460834021.parquet,16069,1460834021,thankyou
train_landmark_files/18796/1461858294.parquet,18796,1461858294,hello
train_landmark_files/37055/1466303553.parquet,37055,1466303553,thankyou
train_landmark_files/61333/1474345895.parquet,61333,1474345895,hello
train_landmark_files/2044/1479341136.parquet,2044,1479341136,hello
train_landmark_files/18796/1480443144.parquet,18796,1480443144,hello
train_landmark_files/61333/1480910773.parquet,61333,1480910773,thankyou
train_landmark_files/27610/1484918207.parquet,27610,1484918207,hello
train_landmark_files/2044/1490720380.parquet,2044,1490720380,hello
train_landmark_files/29302/149425292.parquet,29302,149425292,thankyou
train_landmark_files/28656/1496817000.parquet,28656,1496817000,thankyou
train_landmark_files/36257/1498258102.parquet,36257,1498258102,hello
train_landmark_files/28656/1518409495.parquet,28656,1518409495,hello
train_landmark_files/22343/1526639096.parquet,22343,1526639096,thankyou
train_landmark_files/37055/1527308335.parquet,37055,1527308335,thankyou
train_landmark_files/30680/1532271920.parquet,30680,1532271920,hello
train_landmark_files/30680/1541327052.parquet,30680,1541327052,hello
train_landmark_files/55372/1541572856.parquet,55372,1541572856,thankyou
train_landmark_files/34503/1557020658.parquet,34503,1557020658,thankyou
train_landmark_files/16069/1569910449.parquet,16069,1569910449,hello
train_landmark_files/18796/1572391550.parquet,18796,1572391550,thankyou
train_landmark_files/22343/1576514223.parquet,22343,1576514223,hello
train_landmark_files/25571/158030513.parquet,25571,158030513,hello
train_landmark_files/49445/1580503975.parquet,49445,1580503975,hello
train_landmark_files/32319/1584502388.parquet,32319,1584502388,thankyou
train_landmark_files/55372/1587915579.parquet,55372,1587915579,hello
train_landmark_files/30680/1591448034.parquet,30680,1591448034,hello
train_landmark_files/49445/1603631219.parquet,49445,1603631219,thankyou
train_landmark_files/29302/1626513618.parquet,29302,1626513618,thankyou
train_landmark_files/22343/1626633260.parquet,22343,1626633260,hello
train_landmark_files/4718/1638390970.parquet,4718,1638390970,thankyou
train_landmark_files/30680/1646721515.parquet,30680,1646721515,hello
train_landmark_files/25571/1650153026.parquet,25571,1650153026,hello
train_landmark_files/27610/1652446868.parquet,27610,1652446868,thankyou
train_landmark_files/32319/166399091.parquet,32319,166399091,thankyou
train_landmark_files/27610/1666566860.parquet,27610,1666566860,thankyou
train_landmark_files/55372/1667891080.parquet,55372,1667891080,thankyou
train_landmark_files/55372/1678590723.parquet,55372,1678590723,thankyou
train_landmark_files/32319/1679653710.parquet,32319,1679653710,thankyou
train_landmark_files/61333/1683170441.parquet,61333,1683170441,thankyou
train_landmark_files/26734/1686768683.parquet,26734,1686768683,thankyou
train_landmark_files/29302/1690891686.parquet,29302,1690891686,hello
train_landmark_files/37779/1694160298.parquet,37779,1694160298,hello
train_landmark_files/16069/1695422525.parquet,16069,1695422525,hello
train_landmark_files/28656/1702046456.parquet,28656,1702046456,thankyou
train_landmark_files/28656/1717182888.parquet,28656,1717182888,hello
train_landmark_files/2044/1722436145.parquet,2044,1722436145,hello
train_landmark_files/61333/1723762793.parquet,61333,1723762793,thankyou
train_landmark_files/49445/1724227299.parquet,49445,1724227299,thankyou
train_landmark_files/22343/1728391002.parquet,22343,1728391002,thankyou
train_landmark_files/26734/1728893550.parquet,26734,1728893550,thankyou
train_landmark_files/55372/1731580286.parquet,55372,1731580286,hello
train_landmark_files/28656/173557091.parquet,28656,173557091,hello
train_landmark_files/61333/1737774938.parquet,61333,1737774938,thankyou
train_landmark_files/62590/1738393236.parquet,62590,1738393236,hello
train_landmark_files/36257/1741948669.parquet,36257,1741948669,hello
train_landmark_files/2044/1748715859.parquet,2044,1748715859,thankyou
train_landmark_files/18796/1758214673.parquet,18796,1758214673,thankyou
train_landmark_files/61333/1758315036.parquet,61333,1758315036,hello
train_landmark_files/26734/1758912124.parquet,26734,1758912124,thankyou
train_landmark_files/37055/1763710507.parquet,37055,1763710507,hello
train_landmark_files/30680/1770420604.parquet,30680,1770420604,hello
train_landmark_files/26734/1770778196.parquet,26734,1770778196,thankyou
train_landmark_files/26734/1772789111.parquet,26734,1772789111,thankyou
train_landmark_files/32319/177904047.parquet,32319,177904047,thankyou
train_landmark_files/53618/1779293346.parquet,53618,1779293346,hello
train_landmark_files/32319/178402284.parquet,32319,178402284,hello
train_landmark_files/36257/1787748341.parquet,36257,1787748341,hello
train_landmark_files/32319/1793687279.parquet,32319,1793687279,thankyou
train_landmark_files/49445/1799648923.parquet,49445,1799648923,thankyou
train_landmark_files/55372/1799985434.parquet,55372,1799985434,hello
train_landmark_files/18796/180058976.parquet,18796,180058976,hello
train_landmark_files/49445/1801593615.parquet,49445,1801593615,hello
train_landmark_files/61333/1802064932.parquet,61333,1802064932,hello
train_landmark_files/27610/1806552316.parquet,27610,1806552316,hello
train_landmark_files/30680/1812113377.parquet,30680,1812113377,hello
train_landmark_files/49445/1812592982.parquet,49445,1812592982,thankyou
train_landmark_files/2044/1813099846.parquet,2044,1813099846,thankyou
train_landmark_files/26734/1815649335.parquet,26734,1815649335,hello
train_landmark_files/29302/1821659952.parquet,29302,1821659952,hello
train_landmark_files/37779/1825189210.parquet,37779,1825189210,hello
train_landmark_files/36257/1827012020.parquet,36257,1827012020,hello
train_landmark_files/29302/182868503.parquet,29302,182868503,thankyou
train_landmark_files/26734/1830554575.parquet,26734,1830554575,hello
train_landmark_files/27610/1831144740.parquet,27610,1831144740,hello
train_landmark_files/62590/1853484723.parquet,62590,1853484723,thankyou
train_landmark_files/36257/185543310.parquet,36257,185543310,hello
train_landmark_files/2044/185948800.parquet,2044,185948800,thankyou
train_landmark_files/61333/1863970195.parquet,61333,1863970195,thankyou
train_landmark_files/62590/1864073097.parquet,62590,1864073097,thankyou
train_landmark_files/28656/1874588497.parquet,28656,1874588497,thankyou
train_landmark_files/37779/1874763966.parquet,37779,1874763966,hello
train_landmark_files/49445/1877980725.parquet,49445,1877980725,hello
train_landmark_files/62590/1879212882.parquet,62590,1879212882,thankyou
train_landmark_files/25571/1884618312.parquet,25571,1884618312,thankyou
train_landmark_files/61333/1888051199.parquet,61333,1888051199,hello
train_landmark_files/30680/1893642628.parquet,30680,1893642628,hello
train_landmark_files/30680/1906016504.parquet,30680,1906016504,hello
train_landmark_files/27610/1906320823.parquet,27610,1906320823,thankyou
train_landmark_files/29302/1910042702.parquet,29302,1910042702,thankyou
train_landmark_files/29302/1921145287.parquet,29302,1921145287,hello
train_landmark_files/49445/1925998736.parquet,49445,1925998736,thankyou
train_landmark_files/29302/1932567329.parquet,29302,1932567329,hello
train_landmark_files/16069/1933462397.parquet,16069,1933462397,thankyou
train_landmark_files/37779/1937114500.parquet,37779,1937114500,thankyou
train_landmark_files/30680/1939231344.parquet,30680,1939231344,hello
train_landmark_files/37055/1946545172.parquet,37055,1946545172,thankyou
train_landmark_files/32319/1948250725.parquet,32319,1948250725,hello
train_landmark_files/37779/1949650190.parquet,37779,1949650190,thankyou
train_landmark_files/16069/1951174594.parquet,16069,1951174594,hello
train_landmark_files/29302/1954551149.parquet,29302,1954551149,thankyou
train_landmark_files/37055/1955467120.parquet,37055,1955467120,hello
train_landmark_files/32319/1958327702.parquet,32319,1958327702,thankyou
train_landmark_files/26734/1966617329.parquet,26734,1966617329,thankyou
train_landmark_files/30680/1976409316.parquet,30680,1976409316,thankyou
train_landmark_files/26734/1985373316.parquet,26734,1985373316,hello
train_landmark_files/61333/1985648069.parquet,61333,1985648069,hello
train_landmark_files/55372/1986107139.parquet,55372,1986107139,thankyou
train_landmark_files/62590/2003017904.parquet,62590,2003017904,hello
train_landmark_files/29302/2006591240.parquet,29302,2006591240,hello
train_landmark_files/26734/2009063597.parquet,26734,2009063597,hello
train_landmark_files/25571/2017965641.parquet,25571,2017965641,hello
train_landmark_files/55372/2027064463.parquet,55372,2027064463,thankyou
train_landmark_files/34503/2042714439.parquet,34503,2042714439,hello
train_landmark_files/32319/2045171824.parquet,32319,2045171824,hello
train_landmark_files/22343/2052264117.parquet,22343,2052264117,hello
train_landmark_files/4718/205531021.parquet,4718,205531021,hello
train_landmark_files/18796/2066081048.parquet,18796,2066081048,hello
train_landmark_files/25571/2074323079.parquet,25571,2074323079,hello
train_landmark_files/22343/2078547822.parquet,22343,2078547822,thankyou
train_landmark_files/62590/2079625938.parquet,62590,2079625938,hello
train_landmark_files/49445/2086032499.parquet,49445,2086032499,thankyou
train_landmark_files/22343/2091518891.parquet,22343,2091518891,hello
train_landmark_files/28656/2102644014.parquet,28656,2102644014,hello
train_landmark_files/37779/2104535755.parquet,37779,2104535755,thankyou
train_landmark_files/30680/2113802134.parquet,30680,2113802134,hello
train_landmark_files/28656/2116948432.parquet,28656,2116948432,thankyou
train_landmark_files/62590/2117664483.parquet,62590,2117664483,thankyou
train_landmark_files/55372/2124689684.parquet,55372,2124689684,thankyou
train_landmark_files/37779/2131572855.parquet,37779,2131572855,thankyou
train_landmark_files/27610/213266738.parquet,27610,213266738,thankyou
train_landmark_files/49445/2135739440.parquet,49445,2135739440,thankyou
train_landmark_files/53618/2136744287.parquet,53618,2136744287,hello
train_landmark_files/2044/2139000084.parquet,2044,2139000084,thankyou
train_landmark_files/28656/2146095729.parquet,28656,2146095729,thankyou
train_landmark_files/2044/215835537.parquet,2044,215835537,hello
train_landmark_files/53618/2158754568.parquet,53618,2158754568,thankyou
train_landmark_files/25571/21606181.parquet,25571,21606181,hello
train_landmark_files/16069/2167120429.parquet,16069,2167120429,hello
train_landmark_files/49445/2168446516.parquet,49445,2168446516,thankyou
train_landmark_files/25571/2169132387.parquet,25571,2169132387,thankyou
train_landmark_files/61333/2172576111.parquet,61333,2172576111,thankyou
train_landmark_files/28656/2176503062.parquet,28656,2176503062,thankyou
train_landmark_files/16069/2177836680.parquet,16069,2177836680,thankyou
train_landmark_files/18796/2185682268.parquet,18796,2185682268,thankyou
train_landmark_files/53618/2192014491.parquet,53618,2192014491,thankyou
train_landmark_files/62590/2197963558.parquet,62590,2197963558,hello
train_landmark_files/22343/2209034807.parquet,22343,2209034807,hello
train_landmark_files/28656/2213356388.parquet,28656,2213356388,thankyou
train_landmark_files/4718/2228978721.parquet,4718,2228978721,hello
train_landmark_files/37779/2232491477.parquet,37779,2232491477,thankyou
train_landmark_files/37779/2234968552.parquet,37779,2234968552,thankyou
train_landmark_files/36257/2235670591.parquet,36257,2235670591,thankyou
train_landmark_files/32319/2248633895.parquet,32319,2248633895,hello
train_landmark_files/25571/2250150299.parquet,25571,2250150299,thankyou
train_landmark_files/26734/2259441475.parquet,26734,2259441475,hello
train_landmark_files/28656/2259848776.parquet,28656,2259848776,hello
train_landmark_files/16069/2260139756.parquet,16069,2260139756,thankyou
train_landmark_files/16069/2260505347.parquet,16069,2260505347,thankyou
train_landmark_files/32319/2269342479.parquet,32319,2269342479,hello
train_landmark_files/2044/228446195.parquet,2044,228446195,thankyou
train_landmark_files/62590/2285856359.parquet,62590,2285856359,hello
train_landmark_files/55372/2294379214.parquet,55372,2294379214,hello
train_landmark_files/36257/2295937277.parquet,36257,2295937277,thankyou
train_landmark_files/16069/2296743001.parquet,16069,2296743001,thankyou
train_landmark_files/61333/2297808958.parquet,61333,2297808958,hello
train_landmark_files/37055/2299815222.parquet,37055,2299815222,thankyou
train_landmark_files/53618/2301020748.parquet,53618,2301020748,thankyou
train_landmark_files/22343/2302431092.parquet,22343,2302431092,thankyou
train_landmark_files/26734/2307441378.parquet,26734,2307441378,thankyou
train_landmark_files/61333/2315944129.parquet,61333,2315944129,thankyou
train_landmark_files/37779/2318472375.parquet,37779,2318472375,hello
train_landmark_files/37055/2328194995.parquet,37055,2328194995,thankyou
train_landmark_files/37779/2328807945.parquet,37779,2328807945,hello
train_landmark_files/30680/2337069175.parquet,30680,2337069175,hello
train_landmark_files/34503/234858066.parquet,34503,234858066,hello
train_landmark_files/37055/2351939000.parquet,37055,2351939000,thankyou
train_landmark_files/62590/2363476037.parquet,62590,2363476037,thankyou
train_landmark_files/2044/2373999426.parquet,2044,2373999426,thankyou
train_landmark_files/37055/2374499987.parquet,37055,2374499987,hello
train_landmark_files/55372/2377034293.parquet,55372,2377034293,hello
train_landmark_files/2044/2379401244.parquet,2044,2379401244,thankyou
train_landmark_files/16069/2386236393.parquet,16069,2386236393,hello
train_landmark_files/2044/2388570166.parquet,2044,2388570166,thankyou
train_landmark_files/27610/2390901216.parquet,27610,2390901216,hello
train_landmark_files/27610/2397039136.parquet,27610,2397039136,thankyou
train_landmark_files/55372/2403737600.parquet,55372,2403737600,thankyou
train_landmark_files/37779/2407776813.parquet,37779,2407776813,thankyou
train_landmark_files/27610/2415295391.parquet,27610,2415295391,hello
train_landmark_files/4718/2420294474.parquet,4718,2420294474,hello
train_landmark_files/16069/2422824705.parquet,16069,2422824705,hello
train_landmark_files/2044/2445260666.parquet,2044,2445260666,hello
train_landmark_files/16069/2455094920.parquet,16069,2455094920,thankyou
train_landmark_files/29302/2460569401.parquet,29302,2460569401,hello
train_landmark_files/18796/2460606718.parquet,18796,2460606718,thankyou
train_landmark_files/34503/2470333990.parquet,34503,2470333990,thankyou
train_landmark_files/4718/2470490515.parquet,4718,2470490515,hello
train_landmark_files/55372/2470552441.parquet,55372,2470552441,hello
train_landmark_files/29302/2476711658.parquet,29302,2476711658,hello
train_landmark_files/27610/2488204438.parquet,27610,2488204438,hello
train_landmark_files/55372/2491559325.parquet,55372,2491559325,hello
train_landmark_files/37779/2497111275.parquet,37779,2497111275,hello
train_landmark_files/29302/2506714431.parquet,29302,2506714431,hello
train_landmark_files/34503/2514074548.parquet,34503,2514074548,thankyou
train_landmark_files/36257/2516472710.parquet,36257,2516472710,hello
train_landmark_files/2044/2517204383.parquet,2044,2517204383,hello
train_landmark_files/32319/2518327929.parquet,32319,2518327929,thankyou
train_landmark_files/27610/2521890197.parquet,27610,2521890197,thankyou
train_landmark_files/29302/2522322717.parquet,29302,2522322717,hello
train_landmark_files/22343/2523564842.parquet,22343,2523564842,thankyou
train_landmark_files/16069/2526312602.parquet,16069,2526312602,hello
train_landmark_files/61333/2529133166.parquet,61333,2529133166,thankyou
train_landmark_files/49445/2532411174.parquet,49445,2532411174,thankyou
train_landmark_files/29302/2533359774.parquet,29302,2533359774,thankyou
train_landmark_files/37055/2537084986.parquet,37055,2537084986,thankyou
train_landmark_files/29302/2540181359.parquet,29302,2540181359,hello
train_landmark_files/62590/2548683409.parquet,62590,2548683409,thankyou
train_landmark_files/62590/2549425734.parquet,62590,2549425734,hello
train_landmark_files/26734/2561652126.parquet,26734,2561652126,thankyou
train_landmark_files/49445/2564768885.parquet,49445,2564768885,hello
train_landmark_files/37055/2569142795.parquet,37055,2569142795,hello
train_landmark_files/25571/2569290333.parquet,25571,2569290333,thankyou
train_landmark_files/32319/2572822219.parquet,32319,2572822219,thankyou
train_landmark_files/37055/2574719456.parquet,37055,2574719456,hello
train_landmark_files/53618/2576990778.parquet,53618,2576990778,hello
train_landmark_files/25571/2581099086.parquet,25571,2581099086,thankyou
train_landmark_files/61333/2584050040.parquet,61333,2584050040,hello
train_landmark_files/28656/2586511572.parquet,28656,2586511572,hello
train_landmark_files/16069/2591735403.parquet,16069,2591735403,thankyou
train_landmark_files/61333/2618749360.parquet,61333,2618749360,thankyou
train_landmark_files/53618/2624270409.parquet,53618,2624270409,thankyou
train_landmark_files/62590/2630586027.parquet,62590,2630586027,thankyou
train_landmark_files/18796/2637358462.parquet,18796,2637358462,thankyou
train_landmark_files/25571/2650791085.parquet,25571,2650791085,hello
train_landmark_files/25571/2654339451.parquet,25571,2654339451,thankyou
train_landmark_files/26734/2654950367.parquet,26734,2654950367,hello
train_landmark_files/62590/2655389127.parquet,62590,2655389127,thankyou
train_landmark_files/22343/2656030381.parquet,22343,2656030381,hello
train_landmark_files/32319/2659499388.parquet,32319,2659499388,thankyou
train_landmark_files/55372/2661564202.parquet,55372,2661564202,hello
train_landmark_files/61333/2671685092.parquet,61333,2671685092,thankyou
train_landmark_files/37779/2675356684.parquet,37779,2675356684,hello
train_landmark_files/26734/2675411533.parquet,26734,2675411533,thankyou
train_landmark_files/53618/2676484141.parquet,53618,2676484141,thankyou
train_landmark_files/55372/2681355076.parquet,55372,2681355076,thankyou
train_landmark_files/25571/2683352082.parquet,25571,2683352082,hello
train_landmark_files/30680/269581413.parquet,30680,269581413,thankyou
train_landmark_files/26734/2696284098.parquet,26734,2696284098,hello
train_landmark_files/53618/2708257426.parquet,53618,2708257426,thankyou
train_landmark_files/36257/2716343097.parquet,36257,2716343097,hello
train_landmark_files/18796/2716844037.parquet,18796,2716844037,thankyou
train_landmark_files/34503/2723825008.parquet,34503,2723825008,thankyou
train_landmark_files/2044/2725316664.parquet,2044,2725316664,thankyou
train_landmark_files/55372/2726134632.parquet,55372,2726134632,thankyou
train_landmark_files/16069/2729529941.parquet,16069,2729529941,hello
train_landmark_files/36257/2738406507.parquet,36257,2738406507,hello
train_landmark_files/16069/2742584398.parquet,16069,2742584398,hello
train_landmark_files/28656/2746338092.parquet,28656,2746338092,thankyou
train_landmark_files/27610/275256495.parquet,27610,275256495,hello
train_landmark_files/34503/275473347.parquet,34503,275473347,hello
train_landmark_files/28656/2757837969.parquet,28656,2757837969,thankyou
train_landmark_files/26734/2761314338.parquet,26734,2761314338,hello
train_landmark_files/61333/2768727168.parquet,61333,2768727168,thankyou
train_landmark_files/62590/2770928395.parquet,62590,2770928395,thankyou
train_landmark_files/36257/2777468573.parquet,36257,2777468573,hello
train_landmark_files/22343/2783185337.parquet,22343,2783185337,thankyou
train_landmark_files/62590/2787179816.parquet,62590,2787179816,hello
train_landmark_files/55372/2787460580.parquet,55372,2787460580,thankyou
train_landmark_files/22343/279084090.parquet,22343,279084090,thankyou
train_landmark_files/37055/2797026747.parquet,37055,2797026747,thankyou
train_landmark_files/32319/2812984766.parquet,32319,2812984766,hello
train_landmark_files/34503/2813917389.parquet,34503,2813917389,thankyou
train_landmark_files/32319/2819940104.parquet,32319,2819940104,hello
train_landmark_files/27610/2829589919.parquet,27610,2829589919,hello
train_landmark_files/34503/2854590754.parquet,34503,2854590754,thankyou
train_landmark_files/25571/2864653074.parquet,25571,2864653074,thankyou
train_landmark_files/28656/2864902604.parquet,28656,2864902604,thankyou
train_landmark_files/18796/2868557276.parquet,18796,2868557276,thankyou
train_landmark_files/26734/2870592305.parquet,26734,2870592305,hello
train_landmark_files/36257/2875612494.parquet,36257,2875612494,thankyou
train_landmark_files/32319/2886940791.parquet,32319,2886940791,hello
train_landmark_files/25571/2904552799.parquet,25571,2904552799,thankyou
train_landmark_files/18796/2909244022.parquet,18796,2909244022,hello
train_landmark_files/26734/2912873897.parquet,26734,2912873897,hello
train_landmark_files/61333/2921292874.parquet,61333,2921292874,hello
train_landmark_files/53618/2922607213.parquet,53618,2922607213,thankyou
train_landmark_files/37055/2934843203.parquet,37055,2934843203,thankyou
train_landmark_files/29302/2940127364.parquet,29302,2940127364,thankyou
train_landmark_files/55372/2946452164.parquet,55372,2946452164,thankyou
train_landmark_files/36257/2948624506.parquet,36257,2948624506,hello
train_landmark_files/27610/2956079155.parquet,27610,2956079155,hello
train_landmark_files/36257/2956534454.parquet,36257,2956534454,thankyou
train_landmark_files/32319/2963080672.parquet,32319,2963080672,hello
train_landmark_files/37779/2974635026.parquet,37779,2974635026,hello
train_landmark_files/16069/298163977.parquet,16069,298163977,thankyou
train_landmark_files/18796/2982564104.parquet,18796,2982564104,thankyou
train_landmark_files/16069/2986375296.parquet,16069,2986375296,hello
train_landmark_files/37055/3004668177.parquet,37055,3004668177,thankyou
train_landmark_files/30680/30136412.parquet,30680,30136412,thankyou
train_landmark_files/30680/3029655934.parquet,30680,3029655934,hello
train_landmark_files/62590/3031324981.parquet,62590,3031324981,hello
train_landmark_files/62590/3032705671.parquet,62590,3032705671,thankyou
train_landmark_files/25571/3033370945.parquet,25571,3033370945,thankyou
train_landmark_files/37055/3040050131.parquet,37055,3040050131,thankyou
train_landmark_files/61333/3043960099.parquet,61333,3043960099,hello
train_landmark_files/22343/3053779058.parquet,22343,3053779058,thankyou
train_landmark_files/62590/3055726513.parquet,62590,3055726513,hello
train_landmark_files/61333/3064912043.parquet,61333,3064912043,hello
train_landmark_files/29302/3071482138.parquet,29302,3071482138,hello
train_landmark_files/34503/3084471456.parquet,34503,3084471456,hello
train_landmark_files/28656/3089866419.parquet,28656,3089866419,hello
train_landmark_files/16069/3093605770.parquet,16069,3093605770,thankyou
train_landmark_files/30680/3099031893.parquet,30680,3099031893,thankyou
train_landmark_files/61333/3101297641.parquet,61333,3101297641,hello
train_landmark_files/34503/3105266650.parquet,34503,3105266650,hello
train_landmark_files/53618/3107028704.parquet,53618,3107028704,hello
train_landmark_files/62590/3109958547.parquet,62590,3109958547,hello
train_landmark_files/53618/3112319917.parquet,53618,3112319917,hello
train_landmark_files/25571/3115265315.parquet,25571,3115265315,hello
train_landmark_files/61333/3148136499.parquet,61333,3148136499,thankyou
train_landmark_files/2044/3148437311.parquet,2044,3148437311,hello
train_landmark_files/55372/3151069053.parquet,55372,3151069053,thankyou
train_landmark_files/32319/3154044095.parquet,32319,3154044095,thankyou
train_landmark_files/29302/3173315878.parquet,29302,3173315878,thankyou
train_landmark_files/32319/3175451720.parquet,32319,3175451720,hello
train_landmark_files/55372/3183705929.parquet,55372,3183705929,hello
train_landmark_files/36257/31847661.parquet,36257,31847661,hello
train_landmark_files/16069/3186262444.parquet,16069,3186262444,hello
train_landmark_files/27610/3187149576.parquet,27610,3187149576,thankyou
train_landmark_files/34503/3189457328.parquet,34503,3189457328,thankyou
train_landmark_files/25571/3190339878.parquet,25571,3190339878,thankyou
train_landmark_files/36257/3191028345.parquet,36257,3191028345,thankyou
train_landmark_files/36257/3191344649.parquet,36257,3191344649,thankyou
train_landmark_files/32319/3191355034.parquet,32319,3191355034,hello
train_landmark_files/55372/3198022240.parquet,55372,3198022240,thankyou
train_landmark_files/25571/3206929071.parquet,25571,3206929071,hello
train_landmark_files/34503/3216607478.parquet,34503,3216607478,thankyou
train_landmark_files/53618/3217403017.parquet,53618,3217403017,hello
train_landmark_files/18796/3218492989.parquet,18796,3218492989,hello
train_landmark_files/32319/3219240979.parquet,32319,3219240979,hello
train_landmark_files/37055/3229096267.parquet,37055,3229096267,hello
train_landmark_files/22343/3238291885.parquet,22343,3238291885,hello
train_landmark_files/37055/3239707229.parquet,37055,3239707229,hello
train_landmark_files/37055/3240867559.parquet,37055,3240867559,hello
train_landmark_files/22343/3242111989.parquet,22343,3242111989,hello
train_landmark_files/27610/3242160486.parquet,27610,3242160486,hello
train_landmark_files/26734/3243648199.parquet,26734,3243648199,hello
train_landmark_files/34503/3244245699.parquet,34503,3244245699,thankyou
train_landmark_files/36257/3245706769.parquet,36257,3245706769,thankyou
train_landmark_files/30680/3246291785.parquet,30680,3246291785,hello
train_landmark_files/4718/3251532232.parquet,4718,3251532232,hello
train_landmark_files/34503/3268677763.parquet,34503,3268677763,hello
train_landmark_files/2044/3272850500.parquet,2044,3272850500,thankyou
train_landmark_files/30680/3278074919.parquet,30680,3278074919,thankyou
train_landmark_files/36257/3281302966.parquet,36257,3281302966,thankyou
train_landmark_files/55372/3286044248.parquet,55372,3286044248,hello
train_landmark_files/22343/3296832841.parquet,22343,3296832841,thankyou
train_landmark_files/16069/3299052624.parquet,16069,3299052624,hello
train_landmark_files/37055/3302580809.parquet,37055,3302580809,hello
train_landmark_files/61333/3303249496.parquet,61333,3303249496,hello
train_landmark_files/37055/330508198.parquet,37055,330508198,thankyou
train_landmark_files/37055/3305879315.parquet,37055,3305879315,thankyou
train_landmark_files/2044/3306573945.parquet,2044,3306573945,hello
train_landmark_files/4718/3316116565.parquet,4718,3316116565,hello
train_landmark_files/4718/3324678948.parquet,4718,3324678948,thankyou
train_landmark_files/32319/3331390225.parquet,32319,3331390225,hello
train_landmark_files/61333/3344973805.parquet,61333,3344973805,thankyou
train_landmark_files/2044/3346969399.parquet,2044,3346969399,hello
train_landmark_files/16069/3350923262.parquet,16069,3350923262,thankyou
train_landmark_files/18796/3352461416.parquet,18796,3352461416,hello
train_landmark_files/18796/3353357696.parquet,18796,3353357696,hello
train_landmark_files/32319/3366642127.parquet,32319,3366642127,thankyou
train_landmark_files/29302/3369055453.parquet,29302,3369055453,hello
train_landmark_files/26734/3373837187.parquet,26734,3373837187,thankyou
train_landmark_files/36257/3383034576.parquet,36257,3383034576,hello
train_landmark_files/53618/3389427142.parquet,53618,3389427142,hello
train_landmark_files/36257/338972005.parquet,36257,338972005,thankyou
train_landmark_files/4718/3391006466.parquet,4718,3391006466,thankyou
train_landmark_files/34503/3408196669.parquet,34503,3408196669,thankyou
train_landmark_files/26734/3414640618.parquet,26734,3414640618,hello
train_landmark_files/22343/3423569758.parquet,22343,3423569758,thankyou
train_landmark_files/37779/342936776.parquet,37779,342936776,hello
train_landmark_files/32319/3430029732.parquet,32319,3430029732,hello
train_landmark_files/49445/3432827993.parquet,49445,3432827993,thankyou
train_landmark_files/26734/3437010544.parquet,26734,3437010544,hello
train_landmark_files/36257/3445210051.parquet,36257,3445210051,hello
train_landmark_files/32319/3450758667.parquet,32319,3450758667,hello
train_landmark_files/30680/3455900778.parquet,30680,3455900778,hello
train_landmark_files/4718/3469388711.parquet,4718,3469388711,thankyou
train_landmark_files/28656/3474585258.parquet,28656,3474585258,hello
train_landmark_files/62590/34781641.parquet,62590,34781641,thankyou
train_landmark_files/22343/3486483391.parquet,22343,3486483391,hello
train_landmark_files/61333/3494483176.parquet,61333,3494483176,thankyou
train_landmark_files/2044/3519035635.parquet,2044,3519035635,hello
train_landmark_files/22343/3522143974.parquet,22343,3522143974,hello
train_landmark_files/37779/3522600582.parquet,37779,3522600582,thankyou
train_landmark_files/34503/3523032930.parquet,34503,3523032930,hello
train_landmark_files/61333/3536187667.parquet,61333,3536187667,thankyou
train_landmark_files/16069/354015138.parquet,16069,354015138,thankyou
train_landmark_files/55372/3547563541.parquet,55372,3547563541,hello
train_landmark_files/27610/3557948261.parquet,27610,3557948261,thankyou
train_landmark_files/62590/3567297996.parquet,62590,3567297996,thankyou
train_landmark_files/26734/358818841.parquet,26734,358818841,hello
train_landmark_files/62590/3590958753.parquet,62590,3590958753,thankyou
train_landmark_files/27610/3605106647.parquet,27610,3605106647,thankyou
train_landmark_files/61333/3607432781.parquet,61333,3607432781,thankyou
train_landmark_files/29302/3619966552.parquet,29302,3619966552,thankyou
train_landmark_files/34503/3626530257.parquet,34503,3626530257,thankyou
train_landmark_files/55372/3653976405.parquet,55372,3653976405,thankyou
train_landmark_files/37055/3664216881.parquet,37055,3664216881,thankyou
train_landmark_files/49445/3667591088.parquet,49445,3667591088,hello
train_landmark_files/37779/3679112717.parquet,37779,3679112717,hello
train_landmark_files/16069/3686157719.parquet,16069,3686157719,hello
train_landmark_files/53618/3705418241.parquet,53618,3705418241,hello
train_landmark_files/37055/3708291341.parquet,37055,3708291341,hello
train_landmark_files/25571/3709365325.parquet,25571,3709365325,hello
train_landmark_files/34503/3714250948.parquet,34503,3714250948,hello
train_landmark_files/49445/37166843.parquet,49445,37166843,thankyou
train_landmark_files/18796/3719711166.parquet,18796,3719711166,hello
train_landmark_files/28656/3723234594.parquet,28656,3723234594,hello
train_landmark_files/36257/3725293093.parquet,36257,3725293093,hello
train_landmark_files/37779/3727514399.parquet,37779,3727514399,thankyou
train_landmark_files/37055/3727938832.parquet,37055,3727938832,thankyou
train_landmark_files/4718/3732957229.parquet,4718,3732957229,hello
train_landmark_files/49445/3743490813.parquet,49445,3743490813,hello
train_landmark_files/28656/3746641982.parquet,28656,3746641982,thankyou
train_landmark_files/34503/375378019.parquet,34503,375378019,thankyou
train_landmark_files/53618/3755279220.parquet,53618,3755279220,hello
train_landmark_files/34503/375563909.parquet,34503,375563909,hello
train_landmark_files/62590/3765550526.parquet,62590,3765550526,thankyou
train_landmark_files/34503/3768178573.parquet,34503,3768178573,hello
train_landmark_files/26734/3775973300.parquet,26734,3775973300,hello
train_landmark_files/22343/3778255021.parquet,22343,3778255021,thankyou
train_landmark_files/2044/3785771120.parquet,2044,3785771120,hello
train_landmark_files/22343/3798057280.parquet,22343,3798057280,thankyou
train_landmark_files/18796/3806467819.parquet,18796,3806467819,hello
train_landmark_files/37779/3808217386.parquet,37779,3808217386,thankyou
train_landmark_files/53618/3813551468.parquet,53618,3813551468,hello
train_landmark_files/4718/3818683132.parquet,4718,3818683132,thankyou
train_landmark_files/49445/3836943946.parquet,49445,3836943946,thankyou
train_landmark_files/37055/3836953151.parquet,37055,3836953151,hello
train_landmark_files/22343/3837899863.parquet,22343,3837899863,thankyou
train_landmark_files/62590/3840599554.parquet,62590,3840599554,hello
train_landmark_files/32319/384690604.parquet,32319,384690604,hello
train_landmark_files/28656/3852667083.parquet,28656,3852667083,hello
train_landmark_files/55372/3858161861.parquet,55372,3858161861,hello
train_landmark_files/37779/3869280575.parquet,37779,3869280575,thankyou
train_landmark_files/30680/3870229436.parquet,30680,3870229436,thankyou
train_landmark_files/29302/387431761.parquet,29302,387431761,thankyou
train_landmark_files/29302/3877528290.parquet,29302,3877528290,thankyou
train_landmark_files/53618/3879089758.parquet,53618,3879089758,thankyou
train_landmark_files/37055/3881624725.parquet,37055,3881624725,hello
train_landmark_files/34503/3881850144.parquet,34503,3881850144,hello
train_landmark_files/34503/3884396765.parquet,34503,3884396765,thankyou
train_landmark_files/25571/3890380959.parquet,25571,3890380959,hello
train_landmark_files/28656/3893879520.parquet,28656,3893879520,thankyou
train_landmark_files/62590/39016431.parquet,62590,39016431,hello
train_landmark_files/2044/3902070209.parquet,2044,3902070209,hello
train_landmark_files/16069/390759074.parquet,16069,390759074,hello
train_landmark_files/61333/3909228351.parquet,61333,3909228351,hello
train_landmark_files/53618/3912050225.parquet,53618,3912050225,thankyou
train_landmark_files/22343/3913217898.parquet,22343,3913217898,thankyou
train_landmark_files/27610/3920597258.parquet,27610,3920597258,hello
train_landmark_files/62590/3929803764.parquet,62590,3929803764,thankyou
train_landmark_files/28656/3934058028.parquet,28656,3934058028,hello
train_landmark_files/32319/3936279631.parquet,32319,3936279631,thankyou
train_landmark_files/16069/3936563076.parquet,16069,3936563076,hello
train_landmark_files/2044/3939454743.parquet,2044,3939454743,hello
train_landmark_files/37055/3944637808.parquet,37055,3944637808,thankyou
train_landmark_files/28656/3947981224.parquet,28656,3947981224,hello
train_landmark_files/18796/3948461005.parquet,18796,3948461005,thankyou
train_landmark_files/37779/3949854888.parquet,37779,3949854888,hello
train_landmark_files/61333/3953917131.parquet,61333,3953917131,hello
train_landmark_files/30680/3960329206.parquet,30680,3960329206,thankyou
train_landmark_files/26734/3961925639.parquet,26734,3961925639,thankyou
train_landmark_files/62590/396563458.parquet,62590,396563458,hello
train_landmark_files/18796/3967371588.parquet,18796,3967371588,thankyou
train_landmark_files/32319/3974814678.parquet,32319,3974814678,thankyou
train_landmark_files/25571/3976213157.parquet,25571,3976213157,hello
train_landmark_files/29302/3983000600.parquet,29302,3983000600,hello
train_landmark_files/28656/3987937091.parquet,28656,3987937091,hello
train_landmark_files/18796/3988385106.parquet,18796,3988385106,thankyou
train_landmark_files/37055/3997239418.parquet,37055,3997239418,hello
train_landmark_files/37055/4006005093.parquet,37055,4006005093,hello
train_landmark_files/32319/401444318.parquet,32319,401444318,thankyou
train_landmark_files/27610/4023682555.parquet,27610,4023682555,thankyou
train_landmark_files/26734/4027632833.parquet,26734,4027632833,hello
train_landmark_files/49445/4028126278.parquet,49445,4028126278,hello
train_landmark_files/26734/403485504.parquet,26734,403485504,thankyou
train_landmark_files/55372/4039625618.parquet,55372,4039625618,hello
train_landmark_files/18796/4047021185.parquet,18796,4047021185,thankyou
train_landmark_files/53618/4076224829.parquet,53618,4076224829,thankyou
train_landmark_files/27610/407629598.parquet,27610,407629598,thankyou
train_landmark_files/18796/4076635006.parquet,18796,4076635006,hello
train_landmark_files/18796/4078728227.parquet,18796,4078728227,thankyou
train_landmark_files/37055/4078933796.parquet,37055,4078933796,hello
train_landmark_files/2044/4092038786.parquet,2044,4092038786,hello
train_landmark_files/49445/4096305686.parquet,49445,4096305686,hello
train_landmark_files/28656/4097644731.parquet,28656,4097644731,hello
train_landmark_files/34503/4100390540.parquet,34503,4100390540,hello
train_landmark_files/61333/4109598781.parquet,61333,4109598781,hello
train_landmark_files/53618/4113144211.parquet,53618,4113144211,thankyou
train_landmark_files/26734/411519988.parquet,26734,411519988,thankyou
train_landmark_files/55372/4116978707.parquet,55372,4116978707,thankyou
train_landmark_files/62590/4118835013.parquet,62590,4118835013,thankyou
train_landmark_files/49445/4124124428.parquet,49445,4124124428,hello
train_landmark_files/16069/4124383186.parquet,16069,4124383186,thankyou
train_landmark_files/27610/4125360091.parquet,27610,4125360091,thankyou
train_landmark_files/26734/4133768052.parquet,26734,4133768052,thankyou
train_landmark_files/61333/4142064783.parquet,61333,4142064783,hello
train_landmark_files/2044/4146744742.parquet,2044,4146744742,hello
train_landmark_files/61333/4148723529.parquet,61333,4148723529,hello
train_landmark_files/55372/4149564642.parquet,55372,4149564642,hello
train_landmark_files/36257/4149629960.parquet,36257,4149629960,thankyou
train_landmark_files/4718/4150606289.parquet,4718,4150606289,hello
train_landmark_files/61333/4164579587.parquet,61333,4164579587,hello
train_landmark_files/53618/4169970113.parquet,53618,4169970113,thankyou
train_landmark_files/2044/4170501545.parquet,2044,4170501545,thankyou
train_landmark_files/37055/4174189999.parquet,37055,4174189999,hello
train_landmark_files/37779/4176055512.parquet,37779,4176055512,hello
train_landmark_files/18796/4178059640.parquet,18796,4178059640,hello
train_landmark_files/36257/4183383674.parquet,36257,4183383674,hello
train_landmark_files/30680/4190630473.parquet,30680,4190630473,hello
train_landmark_files/34503/4191310166.parquet,34503,4191310166,hello
train_landmark_files/2044/419277239.parquet,2044,419277239,hello
train_landmark_files/28656/4193260846.parquet,28656,4193260846,hello
train_landmark_files/30680/4197620653.parquet,30680,4197620653,hello
train_landmark_files/28656/4203289775.parquet,28656,4203289775,thankyou
train_landmark_files/18796/4216395097.parquet,18796,4216395097,thankyou
train_landmark_files/36257/4222949878.parquet,36257,4222949878,hello
train_landmark_files/49445/4225416097.parquet,49445,4225416097,hello
train_landmark_files/28656/4249804146.parquet,28656,4249804146,thankyou
train_landmark_files/55372/4252298765.parquet,55372,4252298765,hello
train_landmark_files/26734/4254900090.parquet,26734,4254900090,hello
train_landmark_files/37779/4255677452.parquet,37779,4255677452,hello
train_landmark_files/34503/4258384851.parquet,34503,4258384851,thankyou
train_landmark_files/53618/4259648305.parquet,53618,4259648305,thankyou
train_landmark_files/61333/426015531.parquet,61333,426015531,hello
train_landmark_files/27610/4260348981.parquet,27610,4260348981,hello
train_landmark_files/4718/4263861753.parquet,4718,4263861753,thankyou
train_landmark_files/53618/4266042304.parquet,53618,4266042304,hello
train_landmark_files/37055/4266993362.parquet,37055,4266993362,thankyou
train_landmark_files/26734/4279154700.parquet,26734,4279154700,hello
train_landmark_files/25571/42875216.parquet,25571,42875216,thankyou
train_landmark_files/22343/4289715705.parquet,22343,4289715705,hello
train_landmark_files/2044/4290232252.parquet,2044,4290232252,hello
train_landmark_files/37779/4293426127.parquet,37779,4293426127,hello
train_landmark_files/30680/432814746.parquet,30680,432814746,thankyou
train_landmark_files/22343/434024714.parquet,22343,434024714,hello
train_landmark_files/49445/435978481.parquet,49445,435978481,hello
train_landmark_files/29302/44071028.parquet,29302,44071028,hello
train_landmark_files/49445/444677626.parquet,49445,444677626,hello
train_landmark_files/27610/449841747.parquet,27610,449841747,thankyou
train_landmark_files/26734/456918171.parquet,26734,456918171,hello
train_landmark_files/27610/459636727.parquet,27610,459636727,thankyou
train_landmark_files/22343/464657859.parquet,22343,464657859,thankyou
train_landmark_files/4718/468121184.parquet,4718,468121184,hello
train_landmark_files/34503/468406618.parquet,34503,468406618,thankyou
train_landmark_files/34503/480100968.parquet,34503,480100968,hello
train_landmark_files/22343/483592241.parquet,22343,483592241,hello
train_landmark_files/16069/497384476.parquet,16069,497384476,hello
train_landmark_files/29302/50184919.parquet,29302,50184919,thankyou
train_landmark_files/22343/502036817.parquet,22343,502036817,thankyou
train_landmark_files/32319/505267348.parquet,32319,505267348,thankyou
train_landmark_files/22343/508048079.parquet,22343,508048079,hello
train_landmark_files/36257/508741199.parquet,36257,508741199,hello
train_landmark_files/30680/534971972.parquet,30680,534971972,hello
train_landmark_files/27610/540076389.parquet,27610,540076389,thankyou
train_landmark_files/55372/545364215.parquet,55372,545364215,hello
train_landmark_files/29302/552170290.parquet,29302,552170290,hello
train_landmark_files/29302/568163875.parquet,29302,568163875,hello
train_landmark_files/27610/577935408.parquet,27610,577935408,hello
train_landmark_files/34503/578904735.parquet,34503,578904735,hello
train_landmark_files/16069/579280412.parquet,16069,579280412,thankyou
train_landmark_files/34503/579643156.parquet,34503,579643156,hello
train_landmark_files/55372/579809159.parquet,55372,579809159,thankyou
train_landmark_files/37779/589088661.parquet,37779,589088661,hello
train_landmark_files/49445/606037959.parquet,49445,606037959,hello
train_landmark_files/53618/606840501.parquet,53618,606840501,thankyou
train_landmark_files/61333/61055427.parquet,61333,61055427,hello
train_landmark_files/62590/614187965.parquet,62590,614187965,hello
train_landmark_files/49445/618444044.parquet,49445,618444044,thankyou
train_landmark_files/49445/624029749.parquet,49445,624029749,hello
train_landmark_files/34503/627726019.parquet,34503,627726019,hello
train_landmark_files/4718/63080087.parquet,4718,63080087,hello
train_landmark_files/49445/632819745.parquet,49445,632819745,hello
train_landmark_files/25571/636843237.parquet,25571,636843237,hello
train_landmark_files/37779/65550773.parquet,37779,65550773,thankyou
train_landmark_files/28656/657874531.parquet,28656,657874531,hello
train_landmark_files/49445/658571810.parquet,49445,658571810,thankyou
train_landmark_files/16069/6623499.parquet,16069,6623499,thankyou
train_landmark_files/49445/66446470.parquet,49445,66446470,hello
train_landmark_files/27610/665104892.parquet,27610,665104892,hello
train_landmark_files/29302/665206298.parquet,29302,665206298,thankyou
train_landmark_files/28656/672262992.parquet,28656,672262992,hello
train_landmark_files/29302/683517716.parquet,29302,683517716,thankyou
train_landmark_files/55372/685145140.parquet,55372,685145140,hello
train_landmark_files/22343/690118204.parquet,22343,690118204,hello
train_landmark_files/37779/692960753.parquet,37779,692960753,thankyou
train_landmark_files/53618/693593536.parquet,53618,693593536,hello
train_landmark_files/37779/696418156.parquet,37779,696418156,thankyou
train_landmark_files/29302/698855643.parquet,29302,698855643,thankyou
train_landmark_files/18796/702299459.parquet,18796,702299459,hello
train_landmark_files/53618/706736585.parquet,53618,706736585,hello
train_landmark_files/61333/739821689.parquet,61333,739821689,thankyou
train_landmark_files/28656/743714921.parquet,28656,743714921,hello
train_landmark_files/27610/74519459.parquet,27610,74519459,thankyou
train_landmark_files/34503/757253171.parquet,34503,757253171,hello
train_landmark_files/37779/762720368.parquet,37779,762720368,hello
train_landmark_files/61333/782131491.parquet,61333,782131491,hello
train_landmark_files/25571/782740672.parquet,25571,782740672,thankyou
train_landmark_files/34503/785509935.parquet,34503,785509935,thankyou
train_landmark_files/36257/802865884.parquet,36257,802865884,thankyou
train_landmark_files/30680/804665247.parquet,30680,804665247,thankyou
train_landmark_files/62590/817139186.parquet,62590,817139186,thankyou
train_landmark_files/53618/825665021.parquet,53618,825665021,hello
train_landmark_files/22343/8378765.parquet,22343,8378765,hello
train_landmark_files/2044/845196652.parquet,2044,845196652,thankyou
train_landmark_files/53618/854194529.parquet,53618,854194529,thankyou
train_landmark_files/62590/864890921.parquet,62590,864890921,hello
train_landmark_files/32319/872011320.parquet,32319,872011320,thankyou
train_landmark_files/49445/877297630.parquet,49445,877297630,thankyou
train_landmark_files/34503/880753232.parquet,34503,880753232,thankyou
train_landmark_files/25571/883346870.parquet,25571,883346870,hello
train_landmark_files/2044/891248442.parquet,2044,891248442,thankyou
train_landmark_files/49445/891866937.parquet,49445,891866937,hello
train_landmark_files/4718/903150607.parquet,4718,903150607,thankyou
train_landmark_files/4718/913866798.parquet,4718,913866798,thankyou
train_landmark_files/36257/927902066.parquet,36257,927902066,thankyou
train_landmark_files/26734/930800298.parquet,26734,930800298,thankyou
train_landmark_files/18796/93087284.parquet,18796,93087284,hello
train_landmark_files/29302/931948811.parquet,29302,931948811,thankyou
train_landmark_files/22343/935644236.parquet,22343,935644236,thankyou
train_landmark_files/53618/942576758.parquet,53618,942576758,thankyou
train_landmark_files/32319/943086904.parquet,32319,943086904,thankyou
train_landmark_files/49445/945262840.parquet,49445,945262840,thankyou
train_landmark_files/28656/954881175.parquet,28656,954881175,thankyou
train_landmark_files/61333/959437686.parquet,61333,959437686,thankyou
train_landmark_files/34503/961663018.parquet,34503,961663018,hello
train_landmark_files/55372/962867465.parquet,55372,962867465,thankyou
train_landmark_files/28656/999108440.parquet,28656,999108440,hello
